property_id,amenity
P001,Shopping Mall On-Site
P001,Hospital Within Community
P002,Elevator
P002,Gas Pipeline
P002,Wide Roads (40ft+)
P002,Gymnasium
P003,Earthquake-Resistant Construction
P003,Landscaped Gardens
P003,Underground Parking
P003,Restaurant Strip
P003,School Within Community
P004,Earthquake-Resistant Construction
P004,School Within Community
P004,Cinema
P004,Street Lights
P004,Wide Roads (40ft+)
P005,Shopping Mall On-Site
P005,Children's Playground
P005,Street Lights
P006,Underground Parking
P006,Earthquake-Resistant Construction
P006,Mosque on Premises
P006,Cinema
P007,Tennis Court
P007,Street Lights
P007,Backup Generator
P008,Cinema
P008,Gas Pipeline
P008,Street Lights
P009,Street Lights
P009,Landscaped Gardens
P009,Underground Wiring
P009,Earthquake-Resistant Construction
P010,24/7 Security
P010,Water Filtration Plant
P010,Swimming Pool
P011,Earthquake-Resistant Construction
P011,Fire Safety System
P011,24/7 Security
P011,CCTV Surveillance
P012,Underground Electricity
P012,Elevator
P012,Backup Generator
P012,24/7 Security
P013,Elevator
P013,Underground Wiring
P013,Sewage Treatment Plant
P013,CCTV Surveillance
P013,Hospital Within Community
P014,Elevator
P014,Sewage Treatment Plant
P014,Hospital Within Community
P014,Jogging Track
P014,School Within Community
P015,Wide Roads (40ft+)
P015,Water Filtration Plant
P015,Landscaped Gardens
P016,Earthquake-Resistant Construction
P016,Cinema
P016,Fire Safety System
P016,CCTV Surveillance
P016,Gymnasium
P016,Swimming Pool
P017,Tennis Court
P017,Shopping Mall On-Site
P017,Backup Generator
P017,Hospital Within Community
P018,Sewage Treatment Plant
P018,Gymnasium
P018,Gas Pipeline
P018,Children's Playground
P019,Tennis Court
P019,Underground Parking
P019,Landscaped Gardens
P019,Gated Entrance
P020,Cinema
P020,24/7 Security
P020,Backup Generator
P020,Mosque on Premises
P021,Landscaped Gardens
P021,Underground Wiring
P021,Hospital Within Community
P022,Underground Electricity
P022,Underground Parking
P022,Landscaped Gardens
P022,Sewage Treatment Plant
P022,Jogging Track
P023,Fire Safety System
P023,Shopping Mall On-Site
P023,Underground Parking
P023,Landscaped Gardens
P023,Water Filtration Plant
P024,24/7 Security
P024,Mosque on Premises
P024,Underground Wiring
P025,Street Lights
P025,Children's Playground
P025,Gas Pipeline
P025,24/7 Security
P026,Underground Wiring
P026,Shopping Mall On-Site
P026,Gas Pipeline
P026,Tennis Court
P026,Restaurant Strip
P027,Sewage Treatment Plant
P027,Jogging Track
P027,24/7 Security
P027,Backup Generator
P027,Gymnasium
P028,CCTV Surveillance
P028,School Within Community
P028,Children's Playground
P028,Underground Electricity
P028,Gated Entrance
P028,Gas Pipeline
P029,Gymnasium
P029,Backup Generator
P029,Gas Pipeline
P030,Gated Entrance
P030,Hospital Within Community
P030,Cinema
P030,Tennis Court
P030,Backup Generator
P030,CCTV Surveillance
P031,24/7 Security
P031,Backup Generator
P031,Sewage Treatment Plant
P032,Shopping Mall On-Site
P032,Hospital Within Community
P032,Underground Electricity
P033,CCTV Surveillance
P033,Wide Roads (40ft+)
P033,Cinema
P033,Street Lights
P033,Shopping Mall On-Site
P033,Fire Safety System
P034,Jogging Track
P034,Hospital Within Community
P034,Underground Electricity
P034,Shopping Mall On-Site
P035,Hospital Within Community
P035,Community Centre
P035,Cinema
P035,Tennis Court
P036,Community Centre
P036,Children's Playground
P036,School Within Community
P036,24/7 Security
P036,Jogging Track
P037,Tennis Court
P037,Swimming Pool
P037,Jogging Track
P037,Gas Pipeline
P038,Underground Parking
P038,Community Centre
P038,Underground Wiring
P038,Jogging Track
P039,Gas Pipeline
P039,Underground Parking
P039,Hospital Within Community
P040,Cinema
P040,24/7 Security
P040,Street Lights
P040,Shopping Mall On-Site
P041,Backup Generator
P041,Swimming Pool
P041,Gas Pipeline
P041,Elevator
P042,Street Lights
P042,Gas Pipeline
P042,Hospital Within Community
P042,Landscaped Gardens
