developer_id,name,city,projects,reputation
D001,Green Valley Developers,Lahore,Green Valley Residency,Established developer with family-focused residential projects
D002,Lake View Developers,Lahore,Lake View Apartments; Cedar Villas; Park View Arcade; Metro Towers; Marina Farmhouses,Developer focused on modern apartment communities
D003,Capital Developers,Islamabad,Capital Heights; Al-Noor Corporate Tower; Metro Residences,Developer specializing in urban apartment projects
D004,Park View Developers,Lahore,Park View Villas; Capital Villas; Metro Residency; Marina Residency; Green Valley Arcade,Developer focused on gated residential communities
D005,Smart City Developers,Islamabad,Smart City Heights,Developer focused on investment-oriented apartment projects
D006,Canal Developers,Lahore,Canal Residency; Metro Arcade,Developer offering large family homes near Canal Road
D007,Metro Developers,Rawalpindi,Metro Homes; Silver Oak Block; Green Valley Estate; Maple Arcade; Marina Heights; Park View Manor,Developer focused on affordable family housing
D008,Executive Developers,Islamabad,Executive Enclave; Executive Apartments; Horizon Estate; Rose Garden Apartments,Developer focused on premium residential properties
D009,Coastal Heights Developers,Karachi,Coastal Villas; Emaar Crown Arcade; Canal Block; Marina Apartments; Coastal Villas; Lake View Residency; Al-Noor Estate; Golden Palm Enclave,Developer building seafront and gated residential towers
D010,Horizon Developers,Lahore,Maple Estate; Falcon Plaza; Cedar Court,Developer with a mix of commercial and residential projects
D011,Skyline Builders,Islamabad,Smart City Enclave,Developer specializing in high-rise apartment towers
D012,Heritage Developers,Karachi,Heritage Villas,Developer known for established neighborhood projects
